ID(a),a.geneSymbol
1,TBP
9,FASN
15,BGLAP
19,AKR7A2
20,MUTYH
28,TAT
42,NUP50
45,CA1
46,CA2
47,OPRM1
48,CA3
49,CA4
51,CA6
54,CA7
55,CA9
57,LRRC59
58,CDC25A
59,CDC25B
60,CDC25C
61,ACHE
66,PTGS2
68,PTGS1
79,PSMA3
81,PSMA1
84,SMAD3
89,CACNB3
90,CACNB4
91,CACNB1
92,CACNB2
98,ATIC
101,DDB1
102,SCN9A
104,SRPRB
109,HEBP1
115,SLC19A3
116,EGFR
118,PSMC6
122,SLC19A1
125,SPP1
131,ODC1
135,SRSF10
136,PSMB9
137,PSMB8
138,PSMB5
139,PSMB2
140,PSMB1
143,TSPO
153,ACLY
155,PSME3
156,PSME2
157,GMNN
158,PSME1
161,CRBN
163,RRP1B
164,KIF11
166,PSMD9
168,NRAS
169,PSMD3
170,PSMD2
171,KIT
172,PSMD1
180,RACGAP1
183,SCN4A
190,ABCC5
191,PTGFR
192,ABCC6
194,ABCC8
195,ABCC1
196,ABCC2
197,ABCC3
198,ABCC4
203,CYP2C19
205,DLG4
207,ABCC9
213,MARK4
215,TK1
216,MARK3
217,TSC22D3
218,SCN3A
222,PTGIR
223,ABCB1
233,SCN2A
236,SLC6A3
237,SLC6A4
238,ABCA1
239,SLC6A1
241,SLC6A2
252,SLC6A5
253,SCN1A
254,SCN1B
256,SLC6A9
260,EHMT2
262,LCAT
269,SCN8A
271,CYP27B1
273,AKT1
276,DIABLO
277,TMEM97
278,CDA
279,IPO13
294,CYP27A1
296,POLE
304,GRIN2A
305,PGA5
314,CBS
316,OPRL1
319,ABCG1
320,GRIN2B
321,ABCG2
322,GRIN2C
323,GRIN2D
339,GRIN3A
340,GRIN3B
346,ACE2
347,ERBB3
348,ERBB2
349,CAT
350,OPRK1
351,SCN5A
356,ATF3
366,BRCA1
373,SPR
382,CYP4A11
397,TNFAIP3
405,NQO2
409,NQO1
417,SLC10A1
418,SLC10A2
430,SP3
434,UMPS
436,CALM1
437,IL11
438,BLM
444,SEMA4D
457,TUBB1
460,TUBB3
464,TUBB6
466,SGK1
467,TUBB8
480,ALDH7A1
481,SLK
495,TRAP1
499,ACVR1
509,TBL1XR1
510,SLC23A1
514,IL1B
523,SLC7A5
528,IL4R
539,F2RL1
542,DCTD
552,OPRD1
575,SPTLC2
576,CACNG1
578,SYK
580,SLC36A1
582,SLC36A2
589,FKBP1A
592,TRIT1
598,GLO1
606,ASPH
609,PLA2G6
613,ASNS
622,HINT1
629,BTK
636,RAB27A
638,GLRB
639,ASS1
640,PPM1D
643,BSG
644,KDR
650,UGT2B7
653,CHUK
655,UGT2B4
665,P3H3
668,CSNK2A2
673,B4GALT2
681,LHCGR
690,BIRC5
693,FAAH
694,BIRC3
695,BIRC2
700,CYP3A7
701,SRC
702,ERAP2
703,CYP3A4
705,CYP3A5
727,SETD2
730,SQSTM1
732,DCK
737,GNL3
739,DBP
741,SQLE
745,ICMT
746,ANXA1
749,ANXA5
750,ANXA2
753,DBH
760,TCN1
765,PPT1
767,PIK3C2B
770,INHBA
771,CYP2J2
773,PYGL
776,MGLL
780,PLIN3
783,LPL
793,CHRM3
795,CHRM2
797,CHRM1
801,CHRM5
803,CHRM4
809,NSD2
810,NCSTN
816,MGMT
817,MBNL1
822,TAAR1
825,GNMT
829,GABBR1
831,GABBR2
832,PRKCH
833,PRKCD
834,INPP1
836,TEX10
837,PRKCB
838,PRKCA
843,BACE2
844,CHRND
846,PNPLA3
847,CHRNG
848,CHRNE
850,PRKD2
857,CSF2
858,IGF2BP2
869,LDLR
871,GNAS
879,ALPL
883,CAST
884,MGAM
887,MAPK11
889,SSTR1
892,SSTR3
894,SSTR2
895,SSTR5
896,SSTR4
899,NAT1
901,NAT2
908,LYN
910,GET1
920,MAPK13
924,MAPK14
925,CYP2R1
926,KCNMA1
927,NDUFAF1
929,NDUFAF3
930,FBP1
931,NDUFAF2
935,NDUFAF4
941,PPOX
943,CRYZ
950,ERCC5
957,TGFBR2
959,DAPK3
961,RNF8
964,NR3C2
967,NR3C1
970,CYTH2
975,PSEN1
976,SCARB1
981,LTK
982,DDC
985,NDUFAB1
1000,PTPRC
1009,CALY
1013,CALU
1027,CCKAR
1031,PPAT
1035,BDKRB2
1046,CAMLG
1047,FFAR1
1055,ADRB2
1056,CCKBR
1059,ADRB1
1069,TPO
1074,CANX
1076,ADRB3
1084,ACY3
1086,DDR1
1093,ICA1
1098,TNFSF11
1108,CYP26A1
1120,CMPK1
1128,TNF
1131,SACM1L
1142,CKM
1155,NT5C
1159,PPID
1161,PPIB
1163,PPIA
1165,PPIG
1182,IFNGR1
1191,CYP2D6
1195,CFLAR
1197,NRG1
1203,CRABP2
1210,NAE1
1211,SHBG
1212,PGK1
1213,ACP1
1216,UQCR10
1221,CYP2E1
1222,NFKB2
1224,NFKB1
1225,HLA-DRA
1226,RRP7A
1235,DNMT1
1237,CYP2B6
1238,LIF
1239,EXO1
1241,TYR
1242,TBX2
1249,PGM1
1255,CYP2C9
1258,CYP2C8
1259,HLA-C
1261,HLA-B
1262,HLA-A
1263,HLA-G
1269,FOLR1
1270,FOLR2
1271,FOLR3
1274,KEAP1
1285,GANAB
1290,TFPI2
1291,CYP2A6
1300,CTH
1303,P4HB
1307,UGT1A7
1308,UGT1A6
1309,UGT1A9
1310,UGT1A8
1312,UGT1A3
1317,UGT1A4
1322,CRKL
1326,TTR
1331,UGT1A1
1332,CSK
1334,IMPDH2
1337,NDUFB11
1338,PTPN1
1339,EGR1
1340,NDUFB10
1341,IMPDH1
1342,ADAM9
1343,PTPN4
1344,PTPN6
1345,PTPN7
1346,ADRM1
1347,TTK
1351,PPA2
1355,LCK
1363,EED
1366,NR0B1
1377,EMP1
1383,CYP51A1
1389,SPHK1
1391,MTR
1392,SPHK2
1400,SMPD1
1405,SULT1E1
1408,MDH2
1413,VDR
1414,QPRT
1419,ARG1
1433,HEXA
1434,UBE2N
1438,SRP19
1454,IGFBP3
1459,S100A12
1467,RBX1
1469,GABRP
1470,GABRQ
1472,GABRD
1473,GABRE
1475,UCP2
1483,MPI
1486,GABRR1
1487,MPO
1488,GABRR3
1490,GABRR2
1491,PPARG
1492,SULT1A1
1493,PPARD
1494,PPARA
1502,HNMT
1504,UGT1A10
1510,CDKN3
1511,CASP10
1540,CASP2
1541,CASP3
1544,CASP7
1547,CASP8
1548,CASP9
1549,HIF1A
1553,SELL
1554,RASA1
1556,ALDH1A2
1558,ALDH1A1
1560,ATG4B
1573,ELN
1577,FPGS
1580,AXIN1
1586,MLNR
1587,THRB
1588,NOS2
1589,NOS3
1590,THRA
1603,NOS1
1630,MUC1
1631,MYC
1634,MYB
1639,TRPV1
1642,MAPK9
1645,MAPK3
1646,MAPK6
1647,VIM
1649,PMM2
1650,GATA2
1651,EGF
1653,GATA3
1656,ARAF
1658,LIPA
1664,HSD17B10
1667,LPIN1
1670,MVK
1677,RBP4
1683,RBP3
1687,SNCA
1696,EPRS1
1697,DSE
1700,EDN1
1703,SLC9A1
1707,EPAS1
1711,REEP5
1720,NFE2L2
1726,CARTPT
1737,LIG1
1739,POLRMT
1740,LIG3
1745,TYMP
1747,TYMS
1748,PTGER1
1775,F10
1776,F12
1779,COMT
1782,SLC47A1
1784,PTGES3
1792,ADAM10
1794,DRD4
1795,DRD5
1796,DRD2
1798,DRD3
1799,MME
1800,DRD1
1804,PLA2G1B
1811,HMMR
1817,TNFRSF10B
1823,APAF1
1831,PLA2G2A
1836,BCL2
1837,DNMT3A
1844,GABPA
1845,TNFRSF12A
1848,PLA2G4A
1863,PROS1
1864,MIF
1876,SMOX
1877,MTOR
1881,THBD
1885,TPT1
1896,MTRR
1910,SLC16A7
1914,SLC16A3
1917,RRM2B
1919,RNPEP
1920,SLC16A5
1925,CTDSP1
1930,PRORP
1932,SLCO4C1
1940,FGA
1941,FGB
1942,FGG
1949,FOSL1
1953,GALK1
1959,CDKN1A
1961,CDKN1B
1968,SLC1A5
1969,JUND
1985,SLC1A1
1999,MMUT
2000,JUNB
2008,MTHFR
2016,SLCO2B1
2029,SLC18A1
2031,SLC18A2
2041,CHKA
2049,IRAK4
2061,IRAK1
2063,CDKN2A
2070,HSP90B1
2075,GDF15
2077,NR1H2
2082,NR1H4
2085,SULT2B1
2096,STMN1
2098,FAS
2099,F13A1
2122,MELK
2125,EPCAM
2127,ABL1
2128,ABL2
2131,NR1I2
2132,TNNC1
2133,IRS2
2139,SULT2A1
2142,ALOX5
2143,RNASE1
2150,MMP2
2151,GCLM
2153,MMP1
2155,CHAT
2156,MMP7
2159,FOS
2160,MMP8
2162,GCLC
2165,TAPBP
2166,CREB1
2168,CPT2
2175,NPR1
2179,SAP130
2180,RTN4
2183,BMP2
2191,GPR35
2193,SOD1
2199,CA5B
2201,CA5A
2204,NDUFA4L2
2205,TRIB3
2206,TRIB2
2213,SPINT1
2216,PDPK1
2217,CHD1
2228,SUV39H1
2229,GPR18
2235,PEBP1
2253,HPRT1
2262,AURKB
2263,AURKA
2267,AURKC
2289,ACVR1B
2293,ABAT
2296,FZD7
2298,GLDC
2299,CHPT1
2303,FZD1
2309,NPY1R
2312,MKNK2
2313,MKNK1
2321,GALNS
2324,ITGB2
2325,ITGB5
2329,ITGB1
2333,VEGFA
2341,ITGA5
2351,ATP5F1D
2353,ITGAL
2356,AKR1D1
2359,AKR1B10
2364,NPM1
2368,LPAR2
2380,TOR1A
2383,SLC22A3
2384,SLC22A4
2385,SLC22A5
2386,SLC22A6
2388,SLC22A1
2390,SLC22A2
2391,SLC22A7
2392,SLC22A8
2394,NCL
2398,AMACR
2416,TAGLN
2422,PER1
2424,GABRA4
2425,GABRA3
2427,GABRA6
2428,PPP3CA
2429,GABRA5
2430,GABRA2
2431,GABRA1
2432,AKR1C3
2437,AKR1C1
2438,PTGDR2
2443,VKORC1
2446,BHMT2
2447,CA12
2448,AKR1B1
2457,PERP
2460,COL3A1
2462,CA14
2491,PDGFA
2508,STXBP2
2513,MDM2
2516,TIE1
2532,RAD54L
2535,ATP4A
2537,ATP4B
2539,PPP3R2
2540,GNRHR
2541,GABRB1
2542,GABRB3
2543,GABRB2
2556,NPC1
2558,FHL2
2571,GM2A
2584,PSMC3IP
2585,KYAT1
2587,PI4K2A
2606,PHKG2
2612,CYP4B1
2620,ALDH1L1
2633,NTRK2
2634,NTRK1
2635,MUSK
2645,GABRG2
2647,GABRG1
2648,RAD51
2649,GABRG3
2650,ATP7B
2658,LAP3
2660,ULK3
2662,ATP7A
2667,HSPB1
2668,DHFR
2669,GHR
2682,ARID1A
2683,EIF4EBP1
2684,SIRT5
2687,SIRT1
2689,SIRT3
2696,TUBA1A
2705,GGH
2707,DPYD
2712,IFNAR1
2719,JAK3
2721,SLC2A3
2724,HSPA8
2725,SLC2A1
2726,HSPA9
2727,TUBA4A
2728,SLC2A2
2731,HSPA5
2738,SLCO1A2
2742,BCL2L2
2743,KCNA10
2751,PC
2752,CDK15
2759,SLCO1B1
2761,SLCO1B3
2764,GEM
2765,CSF1R
2772,STX4
2782,ARID5B
2786,SLCO1C1
2791,NEK4
2801,PADI4
2803,PADI3
2806,PADI2
2808,NEK2
2809,PADI1
2810,XDH
2817,STAT3
2821,STAT1
2825,UGT2B17
2826,MSH2
2827,GAL
2829,MSH6
2834,UGT2B15
2835,CXCL8
2843,KAT2A
2844,CXCL2
2845,DPP4
2847,KAT2B
2850,PBK
2853,AOX1
2859,GPI
2864,GPT
2869,SENP6
2873,PAH
2877,ALDH2
2880,STN1
2892,EPHX2
2896,XPC
2906,CDK17
2907,CDK19
2915,SI
2916,VDAC1
2917,VDAC3
2920,TGFB2
2922,TGFB3
2924,GLS
2929,GLA
2935,HSPD1
2938,HTR7
2939,HTR6
2952,HTR4
2953,S100A4
2954,HSD3B2
2959,TH
2961,PSMD10
2963,PSMD14
2964,TF
2975,MAOB
2976,MAOA
2979,NME1
2981,SLC32A1
2983,NME2
2986,MT2A
2995,ACACA
2997,ACACB
2999,STK39
3007,MT1A
3012,AMY2A
3014,MAP2K5
3015,OGA
3019,MAP2K1
3026,MAPT
3027,EPHA3
3028,EPHA2
3032,RYR1
3042,RHOA
3044,RHOB
3047,STK24
3050,FEN1
3054,CAPN1
3057,CCND1
3060,CCND3
3063,RECQL
3079,CCNE1
3089,ESR2
3090,ESR1
3092,RPS6KB2
3094,OAT
3105,PPP2CA
3107,RPS6KA1
3110,GAA
3131,P2RY12
3132,GPX5
3149,CDK7
3150,CDK6
3151,PRDX4
3157,CDK2
3160,CDK4
3162,FCGR1A
3165,CDK1
3167,SMARCA4
3169,SMARCA2
3177,KLF4
3181,FOXO3
3183,TNFRSF1B
3215,MYD88
3219,EPHB6
3222,METAP2
3233,NDUFB5
3234,NDUFB6
3235,NDUFB3
3236,POLR3G
3237,STK10
3239,NDUFB4
3240,NDUFB9
3244,NDUFB7
3245,VKORC1L1
3246,NDUFB8
3247,NDUFB1
3248,NDUFB2
3252,EPHA6
3258,MRM2
3272,NDUFA4
3273,NDUFA5
3275,NDUFA2
3277,NDUFA3
3279,NDUFA8
3283,NDUFA9
3286,NDUFA6
3290,NDUFA7
3291,NDUFA1
3293,EPHB2
3298,IL1R2
3305,DHODH
3308,POLR1G
3314,FYN
3319,TP53
3339,FXN
3347,LAMC2
3349,HMGB1
3356,EIF2AK2
3357,EIF2AK3
3359,ADRA2B
3360,ADRA2C
3362,ADRA2A
3364,TUBB2A
3365,TUBB2B
3366,TPH1
3367,TUBB4A
3369,TUBB4B
3371,TPH2
3372,LAMB3
3375,GJB3
3376,SLC29A4
3378,SLC29A1
3380,SLC29A2
3381,ATP1B1
3382,ATP1B3
3383,ATP1B2
3386,RARG
3389,GART
3391,POU5F1
3392,LAMA3
3394,KDM1A
3397,ABHD6
3400,CYSLTR2
3401,CYSLTR1
3402,RARA
3403,RARB
3408,PXN
3409,HSD11B1
3411,ADORA2A
3412,ADORA2B
3416,GPER1
3420,ADRA1A
3423,ADRA1B
3425,NDUFC2
3428,NDUFC1
3429,ADRA1D
3438,BAZ2B
3439,GATM
3443,NUCB2
3446,USP1
3447,DIO1
3449,NUCB1
3450,PRKACA
3457,HCAR3
3458,HCAR2
3465,TPMT
3468,ACVRL1
3477,BCHE
3479,SCN10A
3481,HDC
3487,IPO4
3489,FGF4
3490,FGF1
3491,FGF2
3492,PRKAG1
3493,PRKAG2
3499,NNMT
3502,DYRK3
3503,GRK3
3504,GRK2
3505,MAP3K20
3506,CDC42BPA
3507,ETV1
3508,CDC42BPB
3510,ACKR3
3514,PLD2
3515,PLD1
3517,PLAU
3522,MINK1
3525,UBA2
3527,RRM1
3528,RRM2
3532,GRM5
3535,HSPA1A
3537,PIK3R1
3538,PIK3R4
3540,CNR2
3541,CNR1
3542,PIK3R3
3557,TENT4A
3559,HPD
3562,NDUFS6
3563,NDUFS7
3565,NDUFS4
3566,NDUFS5
3567,AMHR2
3568,NDUFS8
3571,NDUFS2
3572,NDUFS3
3574,NDUFS1
3577,HUS1
3578,GNA11
3591,COL6A3
3595,HMOX2
3598,COL6A1
3602,HMOX1
3603,PLK2
3604,PLK1
3608,PLK4
3609,PLK3
3611,GJA1
3614,MTAP
3615,ATP1A2
3617,ATP1A1
3618,COL11A1
3619,ATP1A4
3621,ATP1A3
3623,PHOSPHO1
3627,CYP17A1
3629,CARM1
3630,TFAP2A
3634,NT5C2
3635,HMGCR
3654,TGFA
3669,CYP3A43
3670,YWHAG
3680,AMPD1
3681,NDUFV1
3682,NDUFV2
3684,NDUFV3
3696,TARDBP
3700,APOE
3702,SDC1
3708,KCNJ11
3710,KCNJ12
3726,SOCS1
3727,CHEK2
3728,CHEK1
3730,ASIC1
3732,PGR
3733,ASIC2
3737,COL5A2
3739,PCNA
3747,CRISPLD2
3750,PGD
3755,HPGDS
3763,NOTCH1
3764,G6PD
3769,SLC46A1
3774,APRT
3776,GLRA1
3777,RIT1
3781,GLRA3
3782,GLRA2
3789,CXCR1
3793,TOP2A
3795,TOP2B
3799,GSR
3801,CXCR4
3804,PLAT
3816,IKBKE
3821,IKBKG
3831,TGM2
3834,IKBKB
3837,NCOA3
3845,NCOA1
3847,NCOA2
3857,SDHB
3865,RAF1
3872,SUMO4
3880,AVPR1A
3881,GC
3886,CREBBP
3889,AVPR1B
3895,HBB
3916,A2M
3918,ESRRA
3919,CYB5R4
3923,CYB5R3
3925,CYB5R1
3927,ESRRG
3949,HP
3954,LGALS8
3961,POR
3966,RNASEH2A
3969,NPTX2
3970,SLC15A1
3971,SLC15A2
3976,PNP
3990,TXNRD1
4001,CACNA2D1
4004,CDC37
4006,AR
4007,CACNA2D2
4010,CACNA2D3
4011,C3
4012,C5
4018,ACSS2
4021,PTK2
4027,XBP1
4032,CDC42
4036,EDNRB
4037,EDNRA
4038,SLPI
4042,F9
4044,F3
4045,F2
4051,PLG
4061,CHRNA10
4062,PKM
4064,SLC28A1
4065,SLC28A3
4069,TBXA2R
4070,CES2
4071,CES1
4079,BHMT
4081,APEX1
4086,EZH2
4091,BBOX1
4095,TDP1
4096,TDP2
4110,IGF1R
4111,LTB4R
4113,IL6
4121,IGF2R
4140,EGLN3
4142,EGLN2
4143,EGLN1
4144,DFFB
4163,AGTR1
4166,PIM1
4171,DUSP3
4173,DUSP1
4176,GSTA1
4188,DUSP6
4190,XPNPEP1
4195,KCNC2
4197,KCNC1
4198,KCNC4
4200,KCNC3
4201,HRH4
4203,HRH3
4204,HRH2
4205,HRH1
4207,SIGMAR1
4209,FXYD2
4212,DDAH1
4213,RFK
4214,CACNA1I
4216,FGFR2
4217,FGFR1
4219,FGFR4
4222,FGFR3
4223,CACNA1S
4226,RET
4230,KCNB1
4232,KCNB2
4233,ADK
4234,ADM
4235,ADO
4238,NR4A1
4240,GSTP1
4242,REN
4243,ADA
4246,ACE
4249,KCNA2
4250,KCNA1
4251,KCNA4
4252,KCNA3
4253,KCNA6
4254,KCNA5
4256,KCNA7
4257,PLAUR
4264,HYOU1
4266,GSTM1
4268,GSTM3
4274,CACNA1H
4275,CACNA1G
4277,CACNA1F
4281,CACNA1D
4282,CACNA1C
4283,CACNA1B
4284,CACNA1A
4286,PSMB10
4292,PTK2B
4293,SLC30A9
4297,DDIT3
4305,NFKBIA
4309,NFKBIB
4320,ELAVL1
4323,WEE1
4328,RB1
4329,SCNN1B
4331,SCNN1A
4332,SCNN1D
4334,SCNN1G
4335,MYLK
4337,PDGFRB
4338,PDGFRA
4341,CYP2A13
4343,TDO2
4345,ATP2C1
4353,CHRNB1
4355,CHRNB2
4357,CHRNB4
4365,IDO1
4384,ALDH5A1
4391,HTR1F
4392,HTR1E
4393,HTR1D
4395,HTR1B
4396,HTR1A
4403,CD40
4404,CBR1
4408,CST3
4415,CD44
4417,XPO1
4418,CBR3
4422,PARP3
4423,TUBB
4424,PARP2
4425,PARP1
4426,GGPS1
4433,GADD45A
4434,PMAIP1
4438,UGCG
4441,TLR9
4445,TLR4
4466,CSNK1E
4468,ANPEP
4470,CSNK1D
4477,HRAS
4495,CD58
4497,CD55
4499,CD83
4500,IDH1
4504,SLC12A3
4505,SLC12A4
4509,SLC12A1
4517,PLEKHJ1
4527,HIPK4
4535,HIPK3
4564,CBFB
4575,CYP1B1
4586,PRKAB1
4589,ABCB11
4590,PRKAB2
4600,PRKDC
4604,DPYSL2
4609,IDE
4616,MMP13
4619,MMP12
4622,SLC25A4
4624,SLC25A6
4625,PRKCQ
4630,PRKAA1
4654,SLC22A12
4660,SLC22A16
4669,SLC22A11
4673,CYP1A2
4676,AMD1
4683,CYP1A1
4698,PIK3C3
4700,KCNK18
4711,KCNK10
4719,NDUFA13
4720,ADSS2
4724,NDUFA10
4725,NDUFA11
4727,NDUFA12
4732,HTR5A
4734,PTPN12
4740,DYRK1A
4742,HDAC5
4745,HDAC3
4746,HDAC2
4748,HDAC1
4749,CBLB
4750,HTR2C
4751,HTR2B
4752,HTR2A
4753,HDAC9
4756,HDAC6
4758,KAT5
4764,SNAP25
4771,CPT1A
4781,PIK3CA
4784,HTR3A
4794,PIK3CB
4795,PIK3CD
4797,SIK1
4803,PPP1R13L
4807,CDC7
4811,LTC4S
4812,HSP90AB1
4814,SRD5A2
4816,SRD5A1
4827,TACR3
4828,RALBP1
4832,TACR1
4836,HSP90AA1
4846,BRD3
4849,HTRA1
4854,FMO3
4856,FMO1
4859,BRD4
4866,BRAF
4869,PAX8
4872,TERT
4873,FDFT1
4880,CDH3
4883,CDH1
4885,SERPIND1
4886,ALCAM
4893,KCNV1
4894,KCNV2
4895,AXL
4898,SERPINE1
4904,TNK2
4906,TNK1
4911,ADCY1
4913,ADORA1
4914,GRIN1
4916,BAG6
4918,ADCY9
4926,SERPING1
4929,P4HTM
4934,KRT18
4935,KRT19
4940,PDE1A
4942,PDE1B
4945,CLK3
4947,CLK2
4949,PROZ
4950,CLK4
4951,POLA1
4952,POLA2
4954,PROC
4956,RNPEPL1
4963,CCNA2
4966,SERPINA5
4970,SERPINA6
4976,IMPA1
4979,SLC5A8
4982,SLC5A7
4983,SERPINA1
4985,HBEGF
4987,FDPS
4988,JUN
4991,PDE3B
4993,CCNB1
5002,PDE3A
5005,SFN
5006,SERPINB2
5012,CYP19A1
5017,SERPINC1
5018,SDS
5020,PARG
5035,PDE5A
5046,PDE4C
5047,PDE4D
5057,SCD
5058,PDE4A
5060,POLD1
5061,PDE4B
5062,BAX
5072,BAD
5075,SLC31A1
5079,PDE7A
5081,PDE7B
5092,SLC7A11
5096,PDE6G
5097,PDE6H
5102,PDE6C
5103,PDE6D
5107,CCR1
5109,CHRNA9
5110,KCNK9
5112,CHRNA4
5114,CHRNA5
5115,MAP3K5
5116,CHRNA6
5119,CHRNA7
5120,MAP3K7
5125,CHRNA1
5126,CHRNA2
5127,CHRNA3
5131,SGSM3
5136,HBA2
5145,KCNK2
5147,KCNK3
5148,ALK
5150,SLC44A4
5155,SLC44A1
5164,PCYT1A
5166,PCYT1B
5167,ALB
5170,GUCY1A2
5171,TRAF3IP2
5172,GUCY1A1
5173,KCNJ1
5178,GRIA3
5179,GRIA4
5183,CTSV
5185,RPA1
5202,GUCY1B1
5207,KCNH3
5208,KCNH2
5209,KCNH5
5210,KCNH4
5211,KCNH7
5212,KCNH6
5213,P4HA1
5215,KCNH8
5220,CTSO
5221,ANO1
5223,CTSK
5224,CTSL
5226,CTSG
5231,KCNH1
5232,CTSD
5233,KCNG2
5234,KCNG1
5238,KCNG3
5241,AK2
5246,AK4
5249,PRKX
5254,PAK1
5263,PAK4
5266,CYP11A1
5267,PAK6
5268,KCNF1
5275,AHR
5281,GSTT1
5289,GRIA1
5290,GRIA2
5291,GGT1
5301,RGS2
5307,ABCC11
5310,ABCC10
5315,DTYMK
5316,KCND1
5317,KCND3
5318,KCND2
5327,RXRA
5329,RXRB
5330,NR5A1
5333,CDK5R1
5337,TMX2
5341,MICB
5343,CYP24A1
5347,RXRG
5353,GGCX
5362,KCNS2
5363,KCNS1
5365,KCNS3
5366,ASXL1
5367,SH2B3
5375,AVPR2
5389,ATM
5393,PIN1
5395,SHMT1
5403,FANCA
5414,KCNQ2
5416,KCNQ1
5417,KCNQ4
5420,KCNQ3
5423,CCL2
5424,KCNQ5
5425,FKBP5
5428,FKBP4
5445,GRIK1
5447,GRIK2
5448,GRIK3
5450,GRIK4
5451,GRIK5
5452,FLT4
5453,FLT3
5454,CYP11B2
5455,FLT1
5456,CYP11B1
5458,MAPKAPK2
5461,MAPKAPK3
5464,ICAM3
5466,IKZF1
5467,PRCP
5469,MAPKAPK5
5471,ICAM1
5475,PDCD4
5477,CCN2
5495,KCNN4
5498,C1R
5500,C1S
5504,MALT1
5521,PCYT2
5524,EREG
5529,P2RX4
5543,PI4KB
5562,MARCKSL1
5564,GSK3A
5565,GSK3B
5576,ISG15
5579,PSMA7
5580,PSMA4
5608,PSMC5
5609,PSMC3
5623,PSMB7
5624,PSMB6
5653,PSMD4
5655,PGAP6
5656,GHRHR
5657,SCN4B
5661,MARK2
5664,SCN3B
5665,ABCB4
5666,PTGIS
5670,SCN2B
5674,ABCA5
5688,AKT3
5691,PON1
5697,ABCG8
5699,POLB
5700,SCN7A
5702,TBK1
5704,ATG5
5709,ERBB4
5718,BMX
5720,BLK
5722,PPCDC
5723,SMO
5727,NTSR2
5729,TSC1
5733,TJP1
5740,PTGDR
5755,PLA2G7
5760,ITGA2B
5780,CSNK2A1
5782,SST
5794,SRI
5808,UBE2D1
5821,MLST8
5848,LDHA
5851,LTA4H
5864,ABHD12
5884,PRKD1
5898,CAV1
5901,ALPG
5902,CASR
5905,CAMK2G
5908,EYA2
5915,CRY1
5916,KCNMB1
5935,DAPK1
5949,PRPF31
5950,LRRK2
5961,CALR
5976,EIF2B1
5982,XRCC4
5992,CAPG
6013,EP300
6014,STK17A
6024,NT5E
6045,DAGLA
6048,DAGLB
6057,TXK
6063,COL1A1
6073,BMP2K
6106,PPA1
6112,TAOK3
6122,LIPF
6123,FPR1
6124,PNLIP
6128,CEP68
6139,UBE2I
6152,PANX1
6154,SOX10
6155,NPC1L1
6156,SULT1A2
6159,HNRNPC
6162,CASP1
6170,SELE
6196,TRPV3
6208,MAPK1
6212,STEAP1
6224,EML4
6237,MTTP
6242,TYK2
6268,COL4A1
6299,ADH1A
6302,ADAM12
6303,ADH1C
6305,ADH1B
6311,ADAM17
6316,PTGER4
6318,PTGER3
6320,PTGER2
6343,TRPM8
6352,PSENEN
6359,SLC47A2
6385,DNMT3B
6386,TRPA1
6415,MGA
6427,PDK1
6428,CFTR
6435,AQP1
6441,MET
6447,CSNK1G2
6449,CDKN2B
6451,NR1H3
6458,NPY
6460,TNNC2
6461,TRIM5
6463,MMP3
6464,MMP9
6480,NPR3
6481,CYBA
6486,CPS1
6489,TAB2
6491,GALR3
6497,SOD2
6500,VCAM1
6509,DKK1
6524,NPY2R
6525,CLCN2
6537,FZD2
6543,FGR
6545,ENO2
6553,S100B
6555,ITGB3
6556,VEGFC
6567,PEMT
6568,ARSA
6600,GCH1
6617,AKR1A1
6635,CA10
6651,CA13
6667,LRP2
6668,PHKG1
6669,ROCK2
6671,ROCK1
6674,ITGAV
6675,CSNK1A1
6677,RAD50
6685,TUBA1C
6686,TUBA1B
6688,ACAT1
6689,RARRES1
6692,JAK2
6694,RIPK2
6695,CDK14
6696,CDK16
6697,TUBA3D
6711,PKN2
6712,PKN1
6721,GAK
6732,STK3
6733,STK4
6735,SENP8
6739,IFNG
6740,PDE11A
6741,SIAH1
6745,EPHX1
6749,ALDH3A1
6750,VDAC2
6755,HSPG2
6756,PDE10A
6764,SV2A
6766,HSD3B1
6779,MAP2
6782,INSR
6803,MAP2K6
6807,STK33
6811,MAP2K2
6812,MAP2K3
6817,STK36
6818,RYR2
6819,PRMT1
6825,RYR3
6830,NUAK1
6836,SCAP
6848,FRK
6849,RPS6KB1
6852,RPS6KA5
6853,REV3L
6854,RPS6KA3
6855,RPS6KA2
6861,PRDX5
6862,CDK5
6866,TYRO3
6869,STK11
6870,STK16
6872,EPHA5
6873,EPHA4
6874,EPHA8
6875,MTNR1B
6877,MTNR1A
6879,KLF5
6884,EPHB4
6885,EPHB3
6886,EPHB1
6889,OXTR
6899,LAMB2
6900,LAMB1
6902,LAMA5
6906,ELP5
6919,SCN11A
6927,HCK
6929,GRK7
6930,GRK4
6931,DYRK2
6932,GRK1
6936,MAP3K12
6937,UBA3
6940,PIK3R2
6949,GALT
6950,TOP1MT
6953,KDM4A
6960,MERTK
6968,TMSB10
6979,AHCY
6981,RAB9A
6983,NOTCH2
6996,STAT5B
6997,STAT5A
6999,SUMO2
7000,HYAL2
7001,EIF4E
7002,ESRRB
7010,LGALS9
7011,TOP1
7016,MYLIP
7017,MYLK2
7023,IGF1
7024,PTK6
7025,YES1
7029,F8
7032,SLC28A2
7042,SRMS
7047,EIF2S1
7051,IL3
7058,IL2
7069,AGTR2
7073,ITK
7075,SAE1
7090,TBC1D1
7094,CLOCK
7099,MARCHF8
7106,SLC4A8
7118,SREBF1
7125,FCER1G
7126,FCER1A
7128,TLR7
7129,TLR8
7139,SLC12A2
7140,MAP4K4
7141,MAP4K5
7142,SLC12A5
7144,DEPTOR
7150,MAP4K2
7155,HIPK2
7156,HIPK1
7161,MMP14
7163,SLC25A5
7164,MMP17
7165,MMP15
7167,MMP16
7169,PRKAA2
7172,MMP25
7174,MMP26
7181,B2M
7192,TMPRSS2
7196,HDAC4
7197,FIP1L1
7200,SIK2
7201,SIK3
7210,PDE8A
7211,PDE8B
7217,FMO5
7222,PIP4K2A
7226,AOC3
7230,MAPKAP1
7232,NPSR1
7236,TNIK
7242,PDE1C
7245,BMPR1B
7246,PRNP
7248,CLK1
7252,PDE2A
7255,ARHGAP12
7264,PDE6A
7265,PDE6B
7270,MAP3K2
7273,PIKFYVE
7275,KCNJ5
7276,KCNJ6
7277,KCNJ8
7278,KCNJ3
7287,EIF4G1
7290,PAK3
7294,ZDHHC7
7295,KCNE1
7297,AGT
7300,SOAT1
7303,GPD2
7304,PRLR
7308,CTNNBL1
7324,TBXAS1
7328,APP
7331,KCNN1
7332,KCNN3
7333,KCNN2
7339,NPEPL1
7487,TEK
7676,DAO
8050,MAPK8
8143,FER
8257,NPR2
8363,VEGFB
8382,CPOX
8613,HCN2
8614,HCN1
8615,HCN4
8616,HCN3
8633,MT1E
8968,MPST
9131,HDAC8
9176,BRD2
9234,MICU1
9240,CCR5
9243,CTSS
9246,CTSA
9247,CTSB
9430,P2RY2
9504,PSMD7
9511,CCL20
9513,DLG5
9524,HDAC11
9763,FSHR
9860,ACO1
9983,MPL
9994,MUC2
10219,CDKN2D
10263,NGF
10442,DPP9
10575,CELA1
10614,DPEP1
10758,CMA1
10760,CXCL13
11100,ATP6V1B2
11104,IL5
11105,EWSR1
11459,GFER
11758,FANCC
11798,POU2F2
11800,CIC
11803,CFD
11808,DCLK1
11812,GPR55
11965,STS
12075,CAMK1D
12113,DDR2
12133,SLC5A11
12147,CAMK1
12191,HLA-E
12269,MAPK7
12283,LIMK1
12314,COL4A2
12466,FES
12655,PDGFD
12669,CYP4F2
12687,E2F1
12689,HSPB2
12704,STAT6
12727,HNRNPH2
12888,EPHA7
12912,ANKK1
12986,S1PR3
12988,S1PR1
12994,S1PR5
12997,S1PR4
13076,PPP1CA
13153,NUDT15
13164,NUBPL
13233,PTAFR
13234,FBXW7
13253,DGAT1
13262,ROS1
13409,IL13RA2
13451,ENPP2
13477,PRKG2
13575,SHH
13644,BCR
13728,EIF4A1
13729,ATR
13752,PSMA2
13766,PSMC4
13808,PSME4
13900,LTBR
13968,SF3B1
14039,PRKCE
14054,PRKD3
14166,TAOK1
14205,AREG
14216,HEXB
14370,SEM1
14432,XYLT2
14438,BCOR
14581,CSNK1G3
14706,NF1
14710,GUCY2C
14711,BDNF
14851,JAK1
14952,DPP8
14953,PSPH
14969,PSMD12
14970,PSMD11
14977,RPS6KA6
14979,INSRR
14997,FOXO1
15047,UGGT2
15093,EIF2AK1
15106,SLC29A3
15201,IPO7
15220,ETV5
15221,ETV4
15225,CCHCR1
15227,PTPA
15505,IDS
15673,SLC5A1
15674,SLC5A4
15675,SLC5A2
15680,MAP3K9
20878,PI4KA
20880,PIP5K1C
20900,SMAD4
20902,SMAD2
20911,SMAD7
20981,FGFRL1
21049,CFH
21055,SRPK1
21081,RAPGEF3
21102,CD4
21111,CBL
21112,PDIA2
21118,CTNNB1
21124,BRCA2
21155,ITPR1
21161,SP1
21196,TXNDC11
21212,F2RL2
21215,SLC39A14
21224,RUNX3
21225,OCRL
21240,CACNG3
21252,TNNI2
21255,TNNI3
21272,HNF1A
21321,EEF1A1
21323,DCN
21348,KHSRP
21416,NAMPT
21435,GNAQ
21448,MAPK10
21464,CAMK2D
21467,CAMK2B
21468,CAMK2A
21484,RPS19
21485,CDH23
21486,TGFBR3
21520,ERCC6
21523,ELANE
21525,CNTFR
21526,TGFBR1
21532,PSEN2
21548,TCF7L2
21562,CR2
21566,ZNF423
21583,XRCC5
21586,XRCC1
21610,CLU
21676,TXN
21699,TUB
21762,VCP
21802,ADCYAP1
21813,UTRN
21927,VHL
21954,SLC6A15
21966,COIL
21995,DMD
22024,SMN1
22025,SMN2
22083,NOD2
22149,MYH7B
22191,FAP
22242,BMP7
22271,FN1
22287,HOXB1
22339,PBRM1
22345,ERG
22387,APBB1
22394,ENG
22408,CPB2
22411,PDGFB
22492,RAD52
22519,PTCH1
22549,PICK1
22557,RRAS2
22593,SCTR
22594,OPN1LW
22626,HNRNPA1
22645,MSH5
22718,PKD2
22731,VIPR2
22732,VIPR1
22737,TGFB1
22768,ACVR2B
22770,ACVR2A
22771,KLK3
22772,KLK2
22774,KLK4
22785,MT1F
22788,ACVR1C
22815,MC4R
22853,MARCKS
22859,CDK9
22860,CDK8
22878,SMARCB1
22884,IL1RN
22885,METAP1
22892,CALCRL
22910,POLR2A
23024,CFL1
23065,ADAMTS1
23073,NELFCD
23087,GRK6
23088,GRK5
23097,MAP3K10
23129,GRM1
23184,YWHAE
23196,APOB
23199,MSTN
23203,GAD1
23204,RAC1
23205,RAC2
23211,PI3
23212,ASIC3
23215,SOCS6
23226,NOTCH3
23274,FNTB
23275,FNTA
23333,PML
23341,F5
23478,RORC
23570,ACYP2
23610,CD22
23618,CD19
23677,LMNA
23691,NBEA
23694,BCAR1
23699,PRKCZ
23759,PTPN11
23772,HDAC7
23879,CDH2
23925,RPSA
24007,SAG
24010,PMP22
24017,CCR2
24020,CCR4
24023,KCNJ9
24035,WNK1
24044,RIPOR2
24108,APOA1
24172,GAPDH
24173,APC
24197,P2RY1
24200,P2RY6
24222,P2RX7
24231,HKDC1
24248,PSMA5
24256,ATXN2
24274,FABP1
24285,PSMB3
24304,PSMD5
24328,TOLLIP
24340,EEF2K
24377,ATF2
24391,N6AMT1
24399,IL10
24404,IL15
24453,ARRB2
24454,ARRB1
24535,TRAF1
24547,SETD7
24618,PRRC2A
24631,NEDD4L
24633,PRKCG
24653,ILF3
24714,ADD1
24721,ADH4
24758,ZAP70
24785,RELA
24801,RAMP3
24803,RAMP2
24830,ACP5
24870,LEP
24880,ACTB
24914,NGFR
24940,ARF6
25104,AANAT
25113,H2AX
25121,TSPAN5
25146,MYO9B
25158,MCL1
25164,ACTR2
25170,BCL6
25183,PLTP
25228,ADCYAP1R1
25259,ABI1
25306,CYBB
25323,CAPN10
25333,CHD4
25352,LOXL2
25386,SFTPB
25419,NF2
25421,ITGA2
25422,ITGA4
25442,CYP46A1
25520,ARNT
25597,GH1
25607,SLC2A4
25609,RIPK3
25614,BCL2L1
25617,CDK10
25618,RIPK1
25683,SENP3
25684,SENP1
25705,CDK18
25715,ALDH3A2
25769,TP73
25832,FST
25868,WRN
25906,RHEB
25927,PLCG1
25935,TNFRSF1A
25991,LINGO1
26007,LAMC3
26023,LAMA1
26046,TPM3
26052,FGD4
26061,PRKACB
26097,ETV6
26100,ACTC1
26145,ACTG1
26261,PTMA
26305,CXCR2
26332,FSCN1
26344,ETS2
26376,SUMO1
26403,LGALS3
26427,EPB41
26436,GZMB
26437,GZMA
26488,IL4
26656,SLC4A1
26678,VAV1
26708,VASP
26710,YEATS4
26755,ATXN1L
26901,DYRK1B
26923,PIK3CG
26933,SRD5A3
26977,ADORA3
26982,ADCY5
26986,ADCY2
27142,MAP3K1
27152,PAEP
27218,XIAP
27225,PAK2
27293,APH1B
27396,TNFRSF9
27397,TNFRSF8
27409,NAAA
27443,MARK1
27467,AKT2
27480,CD6
27509,CD40LG
27524,TSC2
27525,PABPC1
27528,STX11
27533,COL2A1
27546,RUNX1
27563,SYP
27668,PRSS1
27698,BACE1
27720,PRSS3
27731,ALPP
27732,ALPI
27752,CDH17
27786,NPHS1
27806,MS4A2
27835,TNFSF14
27882,ALOX5AP
27886,NRG2
27929,CRP
27947,LIPC
27954,UBE2T
27971,S100A10
28039,GATA1
28062,DSP
28067,FXR2
28076,COL4A5
28086,F2R
28127,NCOR2
28135,UBR1
28172,NOD1
28259,IRS1
28301,CALCR
28320,TAF1
28322,CRMP1
28342,APBA1
28431,FHIT
28473,PI4K2B
28502,HSPA4
28506,TUBA3E
28508,APCS
28519,CSMD1
28553,XK
28571,TG
28577,PALB2
28590,EPHA1
28602,MST1R
28612,MAS1
28613,MC3R
28619,TSHZ2
28631,MC5R
28635,ERRFI1
28662,PTBP1
28682,IL1R1
28724,ADAMTS5
28751,MAP3K11
28784,CETP
28803,SDF4
28836,NEDD4
28845,TXN2
28876,CP
28890,APLN
28930,RPL13
28950,RORA
28951,RORB
28983,SRGN
28988,CIP2A
29008,NRXN1
29047,LMO2
29112,PACSIN2
29122,CBLC
29211,MAGEA3
29219,TREML4
29267,RABEP1
29281,AMH
29339,AFP
29340,NR5A2
29351,CATSPER1
29374,PDCD1
29375,DHX36
29384,CCNK
29395,APOC3
29513,TNFAIP1
29589,FASLG
29607,ANGPT1
29609,ANGPT2
29616,BIRC7
29655,TLE3
29664,PRKCI
29672,SF3B3
29673,SF3B2
29717,HLA-DQA1
29724,ENPEP
29749,PTPRB
29761,HLA-DPB1
29766,INPP5D
29767,LAT
29796,IFNGR2
29842,VPS35
29844,PTPN5
29905,CASP4
29907,CASP6
29925,NLRP1
29929,THBS1
29947,TRPV6
29948,TRPV5
29973,ALOX15
29978,ALOX12
29983,REG3A
30011,ALOX15B
30027,TRPM7
30053,KNG1
30105,AQP8
30126,CHN2
30142,FCGRT
30213,PEBP4
30240,ITGA1
30262,PPP3CB
30264,PPP3CC
30295,MDM4
30358,SLC2A5
30378,FOXP3
30399,AGER
30431,JAG1
30467,MAP2K7
30468,MAP2K4
30471,FTO
30476,GHRL
30522,FCGR2B
30523,CUL4A
30545,FCGR3B
30546,FCGR3A
30574,GJC2
30575,GJC1
30577,RICTOR
30597,LAMA4
30631,IPO8
30633,IPO9
30677,AKT1S1
30712,TSG101
30763,PTEN
30855,DNTT
30937,BCL2L11
30938,BCL2L10
30949,THOP1
30965,DDRGK1
30975,MAD1L1
30993,KMT2C
30999,DNER
31014,HTT
31030,GFAP
31091,PLEKHA6
31190,DNPEP
31196,RHBDF2
31206,VCAN
31212,SPECC1L
31280,RGS4
31297,APH1A
31300,LEPR
31330,CEACAM1
31335,PREP
31349,VAMP2
31400,TSPYL1
31413,HPGD
31435,GPR84
31448,NTSR1
31468,TNNT3
31469,TNNT2
31477,CAMKK2
31481,CACNG2
31484,HNF4A
31501,HNF1B
31517,SOST
31542,PIK3C2A
31545,FGFR1OP2
31562,BACH1
31583,PRSS2
31593,RNF112
31618,ERCC2
31622,PTHLH
31635,TRH
31643,TNFSF13
31653,IL6ST
31688,MOBP
31691,COL1A2
31699,TBXT
31723,KISS1
31756,EEF2
31770,COQ2
31786,PDYN
31798,COL4A6
31801,COL4A3
31822,MPHOSPH8
31847,TNFSF13B
31879,HMGCS2
31909,PTH1R
31923,GLI1
31927,RXFP3
31930,BARD1
31935,RNASEL
31950,GPR12
31958,ZNF134
31962,CALCA
32000,TRHR
32012,ATP5F1E
32015,LPAR3
32054,PTP4A3
32055,PTP4A1
32080,NTRK3
32104,TUBA3C
32118,OSM
32153,TFPI
32173,KLK7
32178,MT1H
32179,MC2R
32185,MC1R
32192,HAVCR2
32213,KLC1
32214,CDK3
32218,BAK1
32253,PZP
32266,MTF1
32285,ANKS1B
32299,MED12L
32338,KCNJ10
32346,PGP
32393,MSMB
32419,RASGRP3
32423,ATG16L1
32442,ROR1
32458,FSIP1
32462,FLCN
32485,CD47
32493,APOBEC3G
32494,CD36
32503,ZMAT4
32504,AMOT
32508,CD74
32528,VPS37A
32548,DRAM1
32630,DIAPH3
32652,RGS12
32655,KCNK5
32666,CRHR2
32680,NPEPPS
32708,APOA5
32747,MLLT3
32764,SPSB2
32765,NR2E1
32780,PSMC1
32786,PSMB4
32795,PSMD8
32798,PSMD6
32803,IL6R
32827,IPO11
32829,POLH
32830,POLL
32832,POLI
32842,NR2C2
32855,MUCL3
32878,KHK
32924,AGBL4
32934,GLP1R
32988,REV1
32989,SAMHD1
32990,KRAS
32996,EPOR
33025,PPP2R5D
33044,RAMP1
33064,MGAT4A
33073,NOS1AP
33085,TCF19
33095,SULT1A3
33096,SULT1A4
33110,DDX43
33121,PPP1R18
33129,CGB5
33136,TRPV4
33165,SLC9A5
33169,REG1A
33170,TSSK2
33174,MBP
33176,MAG
33207,MED19
33233,AQP9
33234,TRPC1
33235,AQP4
33239,AQP7
33241,AQP3
33243,NR1D1
33258,CSNK1G1
33262,FANCD2
33263,NTS
33314,CHURC1
33347,ARSB
33367,STK38L
33384,FAAH2
33388,AAK1
33457,CDK13
33464,GCG
33493,SENP2
33514,BCL2A1
33526,S100A9
33527,S100A8
33542,FUS
33568,WT1
33572,RPS6KA4
33576,TNKS
33579,CELF4
33638,GJC3
33640,EIF2AK4
33643,HCRTR1
33646,GJB1
33668,USP2
33670,USP5
33690,PIK3R5
33693,HSPA1L
33703,LRP1B
33705,C5AR1
33708,KDM5C
33711,GJA8
33713,HMBS
33717,VAC14
33720,KDM4D
33751,CXCR3
33866,ATP2A1
33869,ATP2A3
33870,ATP2A2
33884,INS
33900,AKAP13
33919,KMT2A
33937,RFC1
33986,TIRAP
34037,MITF
34040,PLCE1
34080,PASK
34107,PAK5
34118,RGS5
34124,DOK5
34132,SH2B1
34137,KIR2DL3
34207,CEL
34221,NCAM1
34255,GPR68
34272,BTC
34335,GALNT14
34338,MASP2
34363,CR1
34377,XRCC3
34445,PANX3
34462,SLFN11
34472,OASL
34479,TPSB2
34497,IL3RA
34524,CFHR4
34571,RARS1
34578,GREM2
34605,BMP5
34627,HOXA9
34636,ANKFN1
34678,CSPG4
34690,BRSK1
34707,IFNAR2
34756,CDS1
34758,BAP1
34762,BRS3
34774,KLC3
34775,MAFK
34815,GAS6
34901,EIF3A
34904,CDC5L
34907,FH
34909,EIF4H
34923,IL2RG
34950,NTF3
34961,PIM3
34962,PIM2
34996,DTNBP1
35010,ADGRB1
35024,CD1D
35025,CD1A
35058,PRKG1
35087,BRDT
35106,C3AR1
35130,DROSHA
35140,ANO2
35156,CATSPER2
35166,CCL4
35168,CCL3
35193,NR2F2
35199,NR2E3
35245,EHMT1
35357,ST6GAL1
35377,SFTPA1
35380,BDKRB1
35413,PSMF1
35425,ATRX
35432,BMP10
35436,PEAR1
35451,PMS2
35464,SELP
35475,RBL2
35522,IFNA1
35526,TNFRSF10A
35528,IFNB1
35562,MYOD1
35571,CSF2RB
35610,NEUROD1
35631,TP53AIP1
35632,ITGAM
35643,GCGR
35704,CDK12
35725,DOCK8
35733,SENP7
35738,GP6
35770,CD79B
35795,FCGR2A
35800,PLCG2
35802,PSCA
35804,TNFRSF17
35805,DEFA1
35840,HFE
35846,FCER2
35854,UBA1
35864,C5AR2
35886,COL5A1
36041,PAX2
36067,ADIPOQ
36085,IL15RA
36146,CEACAM3
36148,CEACAM5
36178,CDK11B
36193,TSHR
36197,CCK
36198,CD2
36199,CD5
36282,DES
36355,CASP14
36363,MAPK4
36378,THSD7B
36388,PURA
36419,PTH2R
36435,CALCB
36445,FZD5
36449,VWF
36486,CD247
36496,SIRT2
36537,TFF2
36539,CCND2
36544,MATK
36572,GRM7
36573,GRM4
36574,GRM3
36588,PCSK9
36589,NEU3
36615,MBL2
36666,CD28
36667,CD27
36678,CD38
36679,CD33
36682,CD3G
36685,CD3E
36686,CD3D
36703,PTPN22
36760,CRHR1
36764,CTSC
36765,HSF1
36776,COL26A1
36857,IL18
36862,IL37
36863,IL1A
36919,GLP2R
36925,LTF
36946,SYT1
36979,CASP5
36996,NLRP3
37024,TRPM5
37034,TNFRSF11A
37043,TNFRSF13B
37051,TRPC3
37127,EPHA10
37145,HERC2
37175,CDK20
37183,INVS
37192,LY96
37222,GJB2
37247,COL6A2
37248,GJA3
37302,CNGA2
37331,CACNA1E
37344,PRTN3
37347,MYL3
37358,TLR2
37399,PRKAR2B
37473,PRF1
37501,PTGES
37504,CGA
37505,SGPL1
37512,TSHB
37568,ZEB1
37576,CSF3
37613,MS4A1
37658,IGFBP1
37747,TAC1
37750,NPPC
37791,CD274
37792,PRPS1
37795,DSG1
37802,BRSK2
37803,CD244
37843,CUX2
37846,CDSN
37850,TFF3
37913,PIP
37918,CORO7
37945,IL2RA
37951,PIGM
37957,MYT1L
37979,CD14
37982,CD37
37983,CD34
37988,CD69
37989,CD52
37991,CD84
37992,CD86
37993,CD80
37994,IDH2
38000,CD70
38007,IL12A
38023,OGG1
38060,CCR9
38077,GRB14
38100,PSMA6
38119,NFATC2
38123,CTLA4
38131,FGF21
38154,HLA-DQB1
38172,ENTPD2
38173,ENTPD1
38188,SH2D1A
38195,INHBE
38207,FBP2
38222,PTPRM
38258,PMEL
38281,PPP1R1B
38282,TRPM2
38321,MEN1
38329,GCKR
38339,CLCN3
38349,ITGB7
38356,AKR1C4
38362,CLCA1
38368,PECAM1
38388,FAM177A1
38400,CSF3R
38457,CXCL12
38465,GJB7
38475,PRKACG
38491,GNA13
38542,XPNPEP3
38544,MADCAM1
38566,TLR3
38567,KMT2E
38572,MYCN
38576,DPYSL3
38638,SLC26A8
38666,NALCN
38705,CSF1
38740,TNC
38742,CLC
38745,COL15A1
38749,SLAMF7
38766,CRH
38780,UCP1
38782,CPA2
38793,CORT
38802,GATA4
38813,COL4A4
38818,PROX1
38829,LIFR
38868,MYH14
38923,STAT4
38932,STAB2
38988,NFE2
38990,COL11A2
39008,OXER1
39012,PRL
39017,IL2RB
39041,CRHBP
39050,CRYGD
39065,SAA1
39083,CPT1B
39084,PDE9A
39117,CCR6
39120,KCNK4
39171,CCL11
39174,CCL17
39178,CCL21
39230,SETD4
39265,CISH
39274,PAPOLA
39296,ME3
39305,CRTC1
39306,CRTC2
39311,PMCH
39317,IFNA2
39326,CSF2RA
39331,MRGPRX2
39387,UGT2B10
39411,GHRH
39413,ESYT2
39417,GHSR
39434,CXCL10
39458,GJD2
39463,PRKAG3
39482,COL5A3
39491,ECE1
39499,CNGA1
39539,FCN2
39563,SLC5A3
39685,IL5RA
39741,CYP2F1
39766,DCT
39770,TNFSF12
39805,NOX1
39807,PANX2
39808,IGFBP5
39844,COP1
39848,DAOA
39972,SCG5
40027,PCSK1
40066,RASGRP1
40074,NCF4
40075,CBX1
40147,CTAG1B
40162,SLIT1
40169,CTSZ
40189,IL23A
40212,HLA-DRB5
40213,HLA-DRB4
40215,HLA-DRB3
40216,HLA-DRB1
40226,IL21
40237,SORCS2
40341,STING1
40391,NR1D2
40417,CX3CL1
40429,SELPLG
40464,COL18A1
40466,ATP10A
40477,CYP7A1
40479,TYRP1
40483,GP1BA
40496,LAMA2
40497,HSD11B2
40518,KDM6A
40525,PTK7
40547,CHST3
40567,ATAD5
40645,FUT2
40665,IVL
40668,UQCRB
40705,PAPLN
40710,CACNG4
40740,MAPK12
40808,VIP
40857,DNASE1L3
40871,LPAR1
40885,CD276
40898,GRAMD1B
40993,IL17A
41020,HOMER1
41024,KCNK12
41058,GPR183
41076,KCNJ4
41077,KCNJ2
41188,DSCAM
41246,MUC5AC
41307,DPYS
41309,GDA
41313,DPP6
41318,MEGF11
41349,DEFA5
41361,HGF
41392,GRP
41470,CH25H
41476,GRID2
41512,SPG7
41528,F2RL3
41541,ERAP1
41545,ITPA
41560,MCHR1
41564,ERCC1
41590,NRG3
41627,ETFDH
41644,KISS1R
41650,F11
41661,MLC1
41666,NPY5R
41680,NPPA
41701,EPO
41710,AOPEP
41717,OXT
41768,TEAD1
41794,PGC
41821,IL17B
41860,IL12B
41887,CYP4F11
41905,GPC3
41921,PSMC2
41927,FOLH1
41984,ITIH3
42000,THPO
42040,CHIA
42045,NR1I3
42055,IL11RA
42091,CMTM8
42092,PSMD13
42102,RPTOR
42180,L3MBTL1
42210,KRT20
42226,TNRC6A
42241,SH2D5
42299,CLEC4C
42311,NRP2
42312,NRP1
42319,SLAMF1
42330,LIPE
42398,GALNT2
42481,KLKB1
42484,GRM8
42494,PGF
42511,ST14
42574,KLB
42578,FGF23
42582,FGF18
42589,DLL4
42606,GPR143
42645,FPR2
42679,TNFRSF11B
42681,IL10RA
42709,ITGB6
42761,FOXC2
42783,FGF6
42784,FGF3
42792,HPN
42795,GJA4
42991,B4GALNT1
43178,ACKR1
43180,MAP3K13
43181,GRM6
43185,GALC
43197,SUFU
43210,IGF2
43215,ZBTB22
43217,HAMP
43224,OPLAH
43305,P2RX2
43323,GDNF
43342,GDF2
43437,TRPC6
43438,TRPC5
43453,GALR1
43468,GUCY2D
43502,GCK
43506,PREX2
43580,GJB6
43581,GJB5
43599,GJA5
43604,GIPR
43657,MYL2
43778,GNB3
43837,SLC1A2
43842,EPM2A
43843,GPR17
43906,GRM2
43909,S1PR2
43911,GRPR
43919,PARD3B
43920,CYB5R2
43991,NT5C3A
44023,FFAR2
44066,MRGPRX1
44069,GALR2
44078,UTS2R
44079,COL22A1
44081,RCE1
44088,GNRH1
44147,DCBLD1
44167,CHST1
44214,RGS8
44278,GUCA2B
44279,GUCA2A
44320,CASP12
44362,CD200
44434,HR
44438,TXNRD2
44445,HAS3
44461,CERKL
44464,HIF1AN
44496,KIR2DS1
44497,KIR2DS2
44498,KIR2DS4
44518,POLG
44519,HDAC10
44520,NT5C1A
44585,PPP1R1A
44611,NPFFR2
44625,KLRD1
44626,KLRC1
44639,GYPA
44655,KIR3DL2
44658,HCRTR2
44741,KIR2DL1
44742,KIR2DL2
44765,HASPIN
44770,GPR83
44809,CYP26B1
44815,IBSP
44861,IAPP
44886,HSD17B3
44917,METTL21A
45073,SGK2
45075,GPR139
45114,TSSK1B
45129,TRPM3
45164,STK32B
45204,DYRK4
45276,RGL4
45282,LVRN
45301,TNFRSF4
45330,IL17RA
45359,CRLF2
45393,RXFP2
45474,NOTCH4
45482,IL31RA
45495,APOBEC3F
45511,XIRP2
45538,IL21R
45539,IL23R
45559,IL1RL2
45568,IL22
45569,IL13
45616,IFNL3
45634,IL10RB
45722,IL7
45723,IL9
45725,IGH
45742,TLR5
45751,ILKAP
45811,ANGPTL3
45817,KIF6
45820,PRRT2
45868,KLK1
45882,ALG10
45884,KCNJ13
45905,KCNIP1
45967,THBS2
45976,TRPC7
45977,TRPC4
46029,SPOPL
46092,RAPGEF4
46105,TPCN1
46155,RABGAP1L
46158,GPNMB
46184,FZD8
46199,CD248
46232,COL24A1
46330,UMOD
46331,SEMA3C
46343,LPO
46356,LTA
46357,LTB
46377,LAG3
46380,MUC16
46389,SLC9A3
46397,USP9Y
46401,UNC13D
46441,EGFL7
46490,VSIR
46493,LNPEP
46611,UST
46704,PTH
46728,NECTIN4
46782,PSMA8
46790,SGSH
46817,PTPRD
46891,ERICH3
46984,DOT1L
47043,PLA2G10
47097,NFIB
47141,TPSAB1
47205,NKX6-1
47211,TRPM4
47250,NMBR
47264,PIK3R6
47291,MYH6
47292,MYH7
47298,MYL7
47392,ORM2
47402,NPY4R
47451,STAG2
47456,P2RY11
47512,KCNK16
47535,P2RY4
47536,P2RX3
47537,P2RX1
47591,PNOC
47666,OPCML
47681,PAX4
47727,PIK3C2G
47728,PHEX
47764,PDCD1LG2
47798,PDGFC
47857,PIGF
47910,POLK
47942,CEP72
47964,FARP2
47998,GJD4
48074,MCHR2
48121,PKN3
48200,PLA2G5
48201,CSNK2A3
48202,PLIN1
48223,NAPEPLD
48226,CEP43
48270,LGR5
48401,MIEF2
48417,PPY
48446,ZNF385D
48455,DLL3
48459,TMPRSS15
48461,LST1
48468,PORCN
48484,THBS4
48580,TAC3
48626,ABCB5
48726,RLN2
48741,DDO
48761,SLC6A12
48770,RXFP1
48849,RHD
48870,TIGIT
48873,PLA2G3
48933,RPE65
48951,PVALB
48994,TK2
49005,GALNT18
49144,ZNF804A
49334,IFNLR1
49346,PLCD3
49461,HSPB6
49620,SLC18A3
49721,STX1B
49778,MCOLN3
49788,SV2C
49825,TACR2
49864,NMUR2
50017,SLC22A9
50164,GJD3
50171,THRSP
50178,PKD2L1
50319,CYP26C1
50468,TMEM167A
50585,MDGA2
50618,ENOSF1
50625,SLC25A31
50627,APOBEC3A
50710,ADGRL3
50769,GPR119
50810,HYKK
50830,DDHD1
50851,TNFSF4
50856,TRPV2
50876,TNFRSF13C
50908,FBXL17
50958,CYP7B1
50972,TNFRSF18
50985,WNT5B
51000,TPBG
51001,COL6A5
51004,KDM4C
51036,RFPL4B
51347,WNT7A
51358,XPNPEP2
51412,RTKN2
51471,STAG3
51514,TET2
51618,SLC14A2
51715,CLDN18
51725,PDF
51867,E2F7
51948,NPFFR1
52063,HTR3B
52101,NMUR1
52299,PLEKHH2
52321,LRRC15
52377,P2RY14
52392,SLC30A8
52493,RGMA
52509,GPA33
52569,MSLN
52587,FGF22
52605,DHRS9
52688,ZNF211
52818,UGT2A1
52830,HPSE
52847,ZACN
52965,CACNG5
52971,ICOS
53030,NTNG1
53087,LAMB4
53168,RCSD1
53235,ZSCAN25
53246,TPSD1
53291,IL17F
53987,IL17C
54004,KCNK13
54201,SULT1C4
54455,GLCCI1
54481,TAS2R16
54568,ZNF565
54569,TPCN2
54600,FAM178B
54603,P2RY13
54686,DYNC2H1
54691,PGA3
54713,UGT1A5
54851,SPTLC3
54899,IL25
54943,LTB4R2
54973,CPA6
54988,LPAR5
55110,CACNG6
55111,CACNG7
55157,KCNT1
55228,SLC39A8
55247,GALNT17
55306,KCNK17
55353,ARHGEF28
55563,KCNU1
55683,GJA9
55708,ATAT1
55739,GJA10
55763,ZIC4
55856,LRMDA
55863,GJB4
55892,COL27A1
55960,GALP
55966,CACNA2D4
56037,RSPO3
56297,OR52E2
56302,OR52J3
56374,PSMB11
56401,SLC26A9
56783,COL6A6
56903,OTOS
57073,HTR3C
57163,GPBAR1
57186,PSORS1C1
57407,METAP1D
57563,TAS2R31
57577,HTR3D
57610,CADM2
57616,GPRC6A
58009,COL28A1
58033,MSANTD1
58064,SLC6A19
58225,PRSS53
58339,HTR3E
58363,KCNT2
58399,CATSPER3
58487,TAAR6
58515,FFAR4
58588,MYO1H
59550,CATSPER4
59905,ARMS2
59990,KDM4E
61453,SULT1C3
64057,NPIPB8
64762,PRB2
67397,GJE1
76499,IFNL4
